object_id,type,checksum
546aa387da4755a81372bde67a37e33dbafc8550e6a1991c498fb91c30fb1a3314a08be0c9934e70f43432710283b1c448873cb1a52b2fe09ea6470c17f7b0f5,crc32c,e904ba53
546aa387da4755a81372bde67a37e33dbafc8550e6a1991c498fb91c30fb1a3314a08be0c9934e70f43432710283b1c448873cb1a52b2fe09ea6470c17f7b0f5,md5,ff7686adcddd72697fc54afc7fcd4872
546aa387da4755a81372bde67a37e33dbafc8550e6a1991c498fb91c30fb1a3314a08be0c9934e70f43432710283b1c448873cb1a52b2fe09ea6470c17f7b0f5,sha256,17574844c105f75ec666e44bf7ff401ec08dd3ce90d4e48232267eb78910897f
546aa387da4755a81372bde67a37e33dbafc8550e6a1991c498fb91c30fb1a3314a08be0c9934e70f43432710283b1c448873cb1a52b2fe09ea6470c17f7b0f5,sha512,23e9cd64474cfae935595fe9afee8b1c1e1141e0cf3b9f4cade8cd21b74dbbbf0eb8de978f2c3be9be54d73c189e36eeca8a13a2a02b6eb758e4c6f382dddbbb
546aa387da4755a81372bde67a37e33dbafc8550e6a1991c498fb91c30fb1a3314a08be0c9934e70f43432710283b1c448873cb1a52b2fe09ea6470c17f7b0f5,trunc512,23e9cd64474cfae935595fe9afee8b1c1e1141e0cf3b9f4c
546aa387da4755a81372bde67a37e33dbafc8550e6a1991c498fb91c30fb1a3314a08be0c9934e70f43432710283b1c448873cb1a52b2fe09ea6470c17f7b0f5,blake2b,546aa387da4755a81372bde67a37e33dbafc8550e6a1991c498fb91c30fb1a3314a08be0c9934e70f43432710283b1c448873cb1a52b2fe09ea6470c17f7b0f5
90a49c18a568af3b5cfd785e7a541c3c541ba93d441d061ee33ad92bef48f6b702039cc670ed1670f98c0cbae1b7a316a252a6cf6b2e122bf701c1ad98fdfe4e,crc32c,12d61968
90a49c18a568af3b5cfd785e7a541c3c541ba93d441d061ee33ad92bef48f6b702039cc670ed1670f98c0cbae1b7a316a252a6cf6b2e122bf701c1ad98fdfe4e,md5,64532f4fbb176b69b237a4eb55b9fff5
90a49c18a568af3b5cfd785e7a541c3c541ba93d441d061ee33ad92bef48f6b702039cc670ed1670f98c0cbae1b7a316a252a6cf6b2e122bf701c1ad98fdfe4e,sha256,494734cab9ef970b4b106acd94aeac60ee3e9cf7b7026b8c0f771b9c05231dd0
90a49c18a568af3b5cfd785e7a541c3c541ba93d441d061ee33ad92bef48f6b702039cc670ed1670f98c0cbae1b7a316a252a6cf6b2e122bf701c1ad98fdfe4e,sha512,60054a54df3c6d5fd60b192fce1b42dc60240f967ae78af5ea5e0b93fd2de4fa5860ebad0ebf492839ba34994b21bcd3c17fee36870a31c3fbaee96f1f650771
90a49c18a568af3b5cfd785e7a541c3c541ba93d441d061ee33ad92bef48f6b702039cc670ed1670f98c0cbae1b7a316a252a6cf6b2e122bf701c1ad98fdfe4e,trunc512,60054a54df3c6d5fd60b192fce1b42dc60240f967ae78af5
90a49c18a568af3b5cfd785e7a541c3c541ba93d441d061ee33ad92bef48f6b702039cc670ed1670f98c0cbae1b7a316a252a6cf6b2e122bf701c1ad98fdfe4e,blake2b,90a49c18a568af3b5cfd785e7a541c3c541ba93d441d061ee33ad92bef48f6b702039cc670ed1670f98c0cbae1b7a316a252a6cf6b2e122bf701c1ad98fdfe4e
56dc112777d4aa108c5461766ebe7a0b349abda67e93e3373400f9f7bf09ccff1c815383096c51f0c86be2cb39b22023bca29374a239b30887aa06ac5a7229b9,crc32c,f07284d7
56dc112777d4aa108c5461766ebe7a0b349abda67e93e3373400f9f7bf09ccff1c815383096c51f0c86be2cb39b22023bca29374a239b30887aa06ac5a7229b9,md5,92fb68cbfe8908f2b6be6d68aca94c32
56dc112777d4aa108c5461766ebe7a0b349abda67e93e3373400f9f7bf09ccff1c815383096c51f0c86be2cb39b22023bca29374a239b30887aa06ac5a7229b9,sha256,119a54bf51263a55b51d53915553f146fab8f1f29ea07cdca9bec4e7efb42fc2
56dc112777d4aa108c5461766ebe7a0b349abda67e93e3373400f9f7bf09ccff1c815383096c51f0c86be2cb39b22023bca29374a239b30887aa06ac5a7229b9,sha512,92e75464dca5f4fb8a8728027dccb4dddcf1cf79a721c9699088e7cb0bf809106d43bc8e80a4196e2fe4dcbc38db3c687597652ae26a2dd1d22081a06588e7ad
56dc112777d4aa108c5461766ebe7a0b349abda67e93e3373400f9f7bf09ccff1c815383096c51f0c86be2cb39b22023bca29374a239b30887aa06ac5a7229b9,trunc512,92e75464dca5f4fb8a8728027dccb4dddcf1cf79a721c969
56dc112777d4aa108c5461766ebe7a0b349abda67e93e3373400f9f7bf09ccff1c815383096c51f0c86be2cb39b22023bca29374a239b30887aa06ac5a7229b9,blake2b,56dc112777d4aa108c5461766ebe7a0b349abda67e93e3373400f9f7bf09ccff1c815383096c51f0c86be2cb39b22023bca29374a239b30887aa06ac5a7229b9
937f031e647b52ef94781ad91a7c877b92b2221ac225f944236e68269d631adf24c14af2c28bcb164c60edb985652618da2d5e1dd59f67f5bb06fc70122f2d2a,crc32c,5d020c85
937f031e647b52ef94781ad91a7c877b92b2221ac225f944236e68269d631adf24c14af2c28bcb164c60edb985652618da2d5e1dd59f67f5bb06fc70122f2d2a,md5,e4f9348a9f5c194345d449b9c0e70e70
937f031e647b52ef94781ad91a7c877b92b2221ac225f944236e68269d631adf24c14af2c28bcb164c60edb985652618da2d5e1dd59f67f5bb06fc70122f2d2a,sha256,cc44da559001d58c1961e2ee73dbd47b9dae23058e27195f60d4a498773a9af7
937f031e647b52ef94781ad91a7c877b92b2221ac225f944236e68269d631adf24c14af2c28bcb164c60edb985652618da2d5e1dd59f67f5bb06fc70122f2d2a,sha512,21d4e6e87fd65756398611b77b0b0e4a637ef94c31fb75a4f5e3ba25556dac9dc375f1d0ff1c92b94e6e38ea272244e22d71ad414cc8ccc6940919fc2c47905a
937f031e647b52ef94781ad91a7c877b92b2221ac225f944236e68269d631adf24c14af2c28bcb164c60edb985652618da2d5e1dd59f67f5bb06fc70122f2d2a,trunc512,21d4e6e87fd65756398611b77b0b0e4a637ef94c31fb75a4
937f031e647b52ef94781ad91a7c877b92b2221ac225f944236e68269d631adf24c14af2c28bcb164c60edb985652618da2d5e1dd59f67f5bb06fc70122f2d2a,blake2b,937f031e647b52ef94781ad91a7c877b92b2221ac225f944236e68269d631adf24c14af2c28bcb164c60edb985652618da2d5e1dd59f67f5bb06fc70122f2d2a
54337de1b6d7645a2650d5a8549471eaa1efef8971e1f36a68d22d1183566de425db61db6f206a59354d65562f96ff5f4015b115b64905ebbf0509cb431e4d9d,crc32c,8973a71d
54337de1b6d7645a2650d5a8549471eaa1efef8971e1f36a68d22d1183566de425db61db6f206a59354d65562f96ff5f4015b115b64905ebbf0509cb431e4d9d,md5,49338ca9c05e9bf56c7cc77bb952729d
54337de1b6d7645a2650d5a8549471eaa1efef8971e1f36a68d22d1183566de425db61db6f206a59354d65562f96ff5f4015b115b64905ebbf0509cb431e4d9d,sha256,6c263a3ad56e5abd5d2ddc97b392943ccd0da715786fdc2950b77f949eadd378
54337de1b6d7645a2650d5a8549471eaa1efef8971e1f36a68d22d1183566de425db61db6f206a59354d65562f96ff5f4015b115b64905ebbf0509cb431e4d9d,sha512,adda3c4958cc3fe8522db70e8e8671edeaf27d5f30811eabae1ad04711e5a586eb8acc3c952131db44a621e91de4f819b0d19adee8e6376c260372182c36a4b2
54337de1b6d7645a2650d5a8549471eaa1efef8971e1f36a68d22d1183566de425db61db6f206a59354d65562f96ff5f4015b115b64905ebbf0509cb431e4d9d,trunc512,adda3c4958cc3fe8522db70e8e8671edeaf27d5f30811eab
54337de1b6d7645a2650d5a8549471eaa1efef8971e1f36a68d22d1183566de425db61db6f206a59354d65562f96ff5f4015b115b64905ebbf0509cb431e4d9d,blake2b,54337de1b6d7645a2650d5a8549471eaa1efef8971e1f36a68d22d1183566de425db61db6f206a59354d65562f96ff5f4015b115b64905ebbf0509cb431e4d9d
920a878791dba5823a77901c8b6ab497444d1e2509b93a580a0dc76716fc13067199b39cf95bc566972d0550e71156f7839b833119c38d0bea3ba7fbebbb461e,crc32c,92e78775
920a878791dba5823a77901c8b6ab497444d1e2509b93a580a0dc76716fc13067199b39cf95bc566972d0550e71156f7839b833119c38d0bea3ba7fbebbb461e,md5,dcab186019504da01a8a9e8f5f1905c2
920a878791dba5823a77901c8b6ab497444d1e2509b93a580a0dc76716fc13067199b39cf95bc566972d0550e71156f7839b833119c38d0bea3ba7fbebbb461e,sha256,962aad2627896125f9473e6760345aeb69237d56ed64959d6e2011c2f91fd73d
920a878791dba5823a77901c8b6ab497444d1e2509b93a580a0dc76716fc13067199b39cf95bc566972d0550e71156f7839b833119c38d0bea3ba7fbebbb461e,sha512,9748ad0a4b34950475af92ac576286a0d81b6fc5e934afa929e4358e2a51fd51940bf82128e0b9a367cab6af05f2544759f9e706bbb0a6c80cfe6e3bc9826a12
920a878791dba5823a77901c8b6ab497444d1e2509b93a580a0dc76716fc13067199b39cf95bc566972d0550e71156f7839b833119c38d0bea3ba7fbebbb461e,trunc512,9748ad0a4b34950475af92ac576286a0d81b6fc5e934afa9
920a878791dba5823a77901c8b6ab497444d1e2509b93a580a0dc76716fc13067199b39cf95bc566972d0550e71156f7839b833119c38d0bea3ba7fbebbb461e,blake2b,920a878791dba5823a77901c8b6ab497444d1e2509b93a580a0dc76716fc13067199b39cf95bc566972d0550e71156f7839b833119c38d0bea3ba7fbebbb461e
82a8dfe38e6d0c852a948e494abb1a558c31ec0832f85cc05bdc565bac37a63e05d3f36096b5441027115cb142e2427d0eade8f53c7f17d7f48e471b6917e96f,crc32c,5dc2172a
82a8dfe38e6d0c852a948e494abb1a558c31ec0832f85cc05bdc565bac37a63e05d3f36096b5441027115cb142e2427d0eade8f53c7f17d7f48e471b6917e96f,md5,1bc1956abcc920f19a3741e67801fe3d
82a8dfe38e6d0c852a948e494abb1a558c31ec0832f85cc05bdc565bac37a63e05d3f36096b5441027115cb142e2427d0eade8f53c7f17d7f48e471b6917e96f,sha256,f46f18a4a045908ab81947b98f75fc2955f1c3bfcdb72476decc3b69a22af869
82a8dfe38e6d0c852a948e494abb1a558c31ec0832f85cc05bdc565bac37a63e05d3f36096b5441027115cb142e2427d0eade8f53c7f17d7f48e471b6917e96f,sha512,59955d3b33e816efcf653ef26b11262053cd25531458a7f6eba996cf2cad7e34a7e92af2e67931b66e3f33d89cb3917c853f9f53ca0cbfe111f2047f0c034cd5
82a8dfe38e6d0c852a948e494abb1a558c31ec0832f85cc05bdc565bac37a63e05d3f36096b5441027115cb142e2427d0eade8f53c7f17d7f48e471b6917e96f,trunc512,59955d3b33e816efcf653ef26b11262053cd25531458a7f6
82a8dfe38e6d0c852a948e494abb1a558c31ec0832f85cc05bdc565bac37a63e05d3f36096b5441027115cb142e2427d0eade8f53c7f17d7f48e471b6917e96f,blake2b,82a8dfe38e6d0c852a948e494abb1a558c31ec0832f85cc05bdc565bac37a63e05d3f36096b5441027115cb142e2427d0eade8f53c7f17d7f48e471b6917e96f
db55ac07525adfc5504f4a561ba163a6aa8268434925c02dc671172028531ecdc8a3b6c5cb5439459309b2fa2edb3487ebaab967efe23571491242aa92eb68c0,crc32c,7ab4057c
db55ac07525adfc5504f4a561ba163a6aa8268434925c02dc671172028531ecdc8a3b6c5cb5439459309b2fa2edb3487ebaab967efe23571491242aa92eb68c0,md5,dd99c6e32b7192e45de938ebdb5f12e8
db55ac07525adfc5504f4a561ba163a6aa8268434925c02dc671172028531ecdc8a3b6c5cb5439459309b2fa2edb3487ebaab967efe23571491242aa92eb68c0,sha256,340d4b3c7d4437526c46ee4fe26073c2bffbc1f85a6b31bd384697d257cd87fd
db55ac07525adfc5504f4a561ba163a6aa8268434925c02dc671172028531ecdc8a3b6c5cb5439459309b2fa2edb3487ebaab967efe23571491242aa92eb68c0,sha512,d7276a026bdd035cbe60497ba6b9d678450af47c84020b4a288acf743cf83467941d15a261801f9a1b3eb344c664da5f9309b26b522572e386a58c7a2a8e1de5
db55ac07525adfc5504f4a561ba163a6aa8268434925c02dc671172028531ecdc8a3b6c5cb5439459309b2fa2edb3487ebaab967efe23571491242aa92eb68c0,trunc512,d7276a026bdd035cbe60497ba6b9d678450af47c84020b4a
db55ac07525adfc5504f4a561ba163a6aa8268434925c02dc671172028531ecdc8a3b6c5cb5439459309b2fa2edb3487ebaab967efe23571491242aa92eb68c0,blake2b,db55ac07525adfc5504f4a561ba163a6aa8268434925c02dc671172028531ecdc8a3b6c5cb5439459309b2fa2edb3487ebaab967efe23571491242aa92eb68c0
355de28f27841b0a1ee9beedf9880773e41ea7751ebb875b5645dc78d994b006d0e7a74b68b8cb35643f81f0cca47a81bf66f7947fab01d240f56bcb8cb880f3,crc32c,611a0147
355de28f27841b0a1ee9beedf9880773e41ea7751ebb875b5645dc78d994b006d0e7a74b68b8cb35643f81f0cca47a81bf66f7947fab01d240f56bcb8cb880f3,md5,7c38dfbd362fd8ce06336a1d7b859ce4
355de28f27841b0a1ee9beedf9880773e41ea7751ebb875b5645dc78d994b006d0e7a74b68b8cb35643f81f0cca47a81bf66f7947fab01d240f56bcb8cb880f3,sha256,eb47438bceb6690480ec3f02bedc5b44bf9921544a740867d66ef45a35fd39a8
355de28f27841b0a1ee9beedf9880773e41ea7751ebb875b5645dc78d994b006d0e7a74b68b8cb35643f81f0cca47a81bf66f7947fab01d240f56bcb8cb880f3,sha512,52a5c7c60b0900d5f4310e9927e151bfa5f0632369d57f0a735c72aeb60d9e075188e5cccba287dc9b80de7a7d44196e06339115d67cece98e7fff4bc7ae60d4
355de28f27841b0a1ee9beedf9880773e41ea7751ebb875b5645dc78d994b006d0e7a74b68b8cb35643f81f0cca47a81bf66f7947fab01d240f56bcb8cb880f3,trunc512,52a5c7c60b0900d5f4310e9927e151bfa5f0632369d57f0a
355de28f27841b0a1ee9beedf9880773e41ea7751ebb875b5645dc78d994b006d0e7a74b68b8cb35643f81f0cca47a81bf66f7947fab01d240f56bcb8cb880f3,blake2b,355de28f27841b0a1ee9beedf9880773e41ea7751ebb875b5645dc78d994b006d0e7a74b68b8cb35643f81f0cca47a81bf66f7947fab01d240f56bcb8cb880f3
8e3076a3c07859bc7efec11aafbaaa92bb30b615cfdf0affa792ef5fdbbffb0420cae4cd85d54cd1745a2d77075ad8130fe274cbac01abd475478ea77e6a15c2,crc32c,ba5d8956
8e3076a3c07859bc7efec11aafbaaa92bb30b615cfdf0affa792ef5fdbbffb0420cae4cd85d54cd1745a2d77075ad8130fe274cbac01abd475478ea77e6a15c2,md5,95b4feb6887eb65516b644fdd69a8fb4
8e3076a3c07859bc7efec11aafbaaa92bb30b615cfdf0affa792ef5fdbbffb0420cae4cd85d54cd1745a2d77075ad8130fe274cbac01abd475478ea77e6a15c2,sha256,6bb176720bec896611582362de93184ce1cf6faea31a14d6b1abef07f86d8731
8e3076a3c07859bc7efec11aafbaaa92bb30b615cfdf0affa792ef5fdbbffb0420cae4cd85d54cd1745a2d77075ad8130fe274cbac01abd475478ea77e6a15c2,sha512,2bd373250100528c108ce901d61df5a4440519aea2485beeb39cb8c34706b9cbbd1bf995ed028ae9209597196e10938a6029dab34d114515fefc81937e099de0
8e3076a3c07859bc7efec11aafbaaa92bb30b615cfdf0affa792ef5fdbbffb0420cae4cd85d54cd1745a2d77075ad8130fe274cbac01abd475478ea77e6a15c2,trunc512,2bd373250100528c108ce901d61df5a4440519aea2485bee
8e3076a3c07859bc7efec11aafbaaa92bb30b615cfdf0affa792ef5fdbbffb0420cae4cd85d54cd1745a2d77075ad8130fe274cbac01abd475478ea77e6a15c2,blake2b,8e3076a3c07859bc7efec11aafbaaa92bb30b615cfdf0affa792ef5fdbbffb0420cae4cd85d54cd1745a2d77075ad8130fe274cbac01abd475478ea77e6a15c2
a52ea8bcbadc2b908abde3670acebc012b79ee99f7dddebade4de473bd13659791dad5cace991f01a892fa41a095314bab3cf0d2296845d77017c482fa075a12,crc32c,457c12b4
a52ea8bcbadc2b908abde3670acebc012b79ee99f7dddebade4de473bd13659791dad5cace991f01a892fa41a095314bab3cf0d2296845d77017c482fa075a12,md5,19a821f0b88941b9d0b46d7bf562bc07
a52ea8bcbadc2b908abde3670acebc012b79ee99f7dddebade4de473bd13659791dad5cace991f01a892fa41a095314bab3cf0d2296845d77017c482fa075a12,sha256,aa48711c415f9c057ae510979bda1dc6b9a49b2995c359405e44ef551b0e92bf
a52ea8bcbadc2b908abde3670acebc012b79ee99f7dddebade4de473bd13659791dad5cace991f01a892fa41a095314bab3cf0d2296845d77017c482fa075a12,sha512,b3867b0b539be45becc5949ede128b088a824c134db9c11e9c25730eeeeb9872e333b9755c4ec1382157141972a02602962606ca25e544c5ffc2895828376797
a52ea8bcbadc2b908abde3670acebc012b79ee99f7dddebade4de473bd13659791dad5cace991f01a892fa41a095314bab3cf0d2296845d77017c482fa075a12,trunc512,b3867b0b539be45becc5949ede128b088a824c134db9c11e
a52ea8bcbadc2b908abde3670acebc012b79ee99f7dddebade4de473bd13659791dad5cace991f01a892fa41a095314bab3cf0d2296845d77017c482fa075a12,blake2b,a52ea8bcbadc2b908abde3670acebc012b79ee99f7dddebade4de473bd13659791dad5cace991f01a892fa41a095314bab3cf0d2296845d77017c482fa075a12
387184c4da57d9718e8fbe4cb81331ba820e580799ff8c4f0785a03987b2d6fd8cb241ff0471d29bf9118b005f38da32ac49f942049c94135ffeef10d0306e5c,crc32c,2200af60
387184c4da57d9718e8fbe4cb81331ba820e580799ff8c4f0785a03987b2d6fd8cb241ff0471d29bf9118b005f38da32ac49f942049c94135ffeef10d0306e5c,md5,9152d7f1724ed8fbcd2e0c87029f193c
387184c4da57d9718e8fbe4cb81331ba820e580799ff8c4f0785a03987b2d6fd8cb241ff0471d29bf9118b005f38da32ac49f942049c94135ffeef10d0306e5c,sha256,efdb5938a9736727f5cce2b60355588e4fa541d19d022d222d8a09b8efd5dcce
387184c4da57d9718e8fbe4cb81331ba820e580799ff8c4f0785a03987b2d6fd8cb241ff0471d29bf9118b005f38da32ac49f942049c94135ffeef10d0306e5c,sha512,1203b2d87d939e872d4b0934780111429b72fbd9e33717a955f839b8ded5e1d5302bbf8cf37322c87b550ea2445b4bba2c744bdeb55c9f9e13e8e3af127d8e86
387184c4da57d9718e8fbe4cb81331ba820e580799ff8c4f0785a03987b2d6fd8cb241ff0471d29bf9118b005f38da32ac49f942049c94135ffeef10d0306e5c,trunc512,1203b2d87d939e872d4b0934780111429b72fbd9e33717a9
387184c4da57d9718e8fbe4cb81331ba820e580799ff8c4f0785a03987b2d6fd8cb241ff0471d29bf9118b005f38da32ac49f942049c94135ffeef10d0306e5c,blake2b,387184c4da57d9718e8fbe4cb81331ba820e580799ff8c4f0785a03987b2d6fd8cb241ff0471d29bf9118b005f38da32ac49f942049c94135ffeef10d0306e5c
a489fe898d10b81fd1f983428a7d5ac7aa7e4ffd42bf2f64a77338e93ebea2690686e42af69c5723e527b6b4e773d237db7f97d73f007677d233d4b74970cf40,crc32c,fb650799
a489fe898d10b81fd1f983428a7d5ac7aa7e4ffd42bf2f64a77338e93ebea2690686e42af69c5723e527b6b4e773d237db7f97d73f007677d233d4b74970cf40,md5,7134c90e23c205d913ae2fdc8bc0186f
a489fe898d10b81fd1f983428a7d5ac7aa7e4ffd42bf2f64a77338e93ebea2690686e42af69c5723e527b6b4e773d237db7f97d73f007677d233d4b74970cf40,sha256,33617828c054f1a5b9f8f002a5ebee58f584e29ad6bba7462166afdc09649cda
a489fe898d10b81fd1f983428a7d5ac7aa7e4ffd42bf2f64a77338e93ebea2690686e42af69c5723e527b6b4e773d237db7f97d73f007677d233d4b74970cf40,sha512,2dcdd7484195f50c1533515af8b1119503a7475ee67225323751ddd67d37ec96f02ad9804f184fea5c50bca14b9bcf8632d8ad2b8ecab988728dd6a831e84e2f
a489fe898d10b81fd1f983428a7d5ac7aa7e4ffd42bf2f64a77338e93ebea2690686e42af69c5723e527b6b4e773d237db7f97d73f007677d233d4b74970cf40,trunc512,2dcdd7484195f50c1533515af8b1119503a7475ee6722532
a489fe898d10b81fd1f983428a7d5ac7aa7e4ffd42bf2f64a77338e93ebea2690686e42af69c5723e527b6b4e773d237db7f97d73f007677d233d4b74970cf40,blake2b,a489fe898d10b81fd1f983428a7d5ac7aa7e4ffd42bf2f64a77338e93ebea2690686e42af69c5723e527b6b4e773d237db7f97d73f007677d233d4b74970cf40
574bdfc4b6507a1636bac75a037ca2589c5f54cad10fa519e0e65be7ea43f75683e4768bd3c989bc9acbe39aa1101a6895afb6693cac79575ee2212e87cdea75,crc32c,4b4872d4
574bdfc4b6507a1636bac75a037ca2589c5f54cad10fa519e0e65be7ea43f75683e4768bd3c989bc9acbe39aa1101a6895afb6693cac79575ee2212e87cdea75,md5,74cbf4a38ca3fca9ebf806faea605e4e
574bdfc4b6507a1636bac75a037ca2589c5f54cad10fa519e0e65be7ea43f75683e4768bd3c989bc9acbe39aa1101a6895afb6693cac79575ee2212e87cdea75,sha256,9ff3b6bf5e19a7dcfe3ecce55be8e21dd33aebf7f8aca17ea4de72dbb6b50222
574bdfc4b6507a1636bac75a037ca2589c5f54cad10fa519e0e65be7ea43f75683e4768bd3c989bc9acbe39aa1101a6895afb6693cac79575ee2212e87cdea75,sha512,1f400fe59a2cf6fdbe7ea257fd8cc69286880974c828e1b6bc8dee0a4e2c361ad8e98903990a43ef8452bed564f031b52fdfb87357ff8814534af5817c1843b2
574bdfc4b6507a1636bac75a037ca2589c5f54cad10fa519e0e65be7ea43f75683e4768bd3c989bc9acbe39aa1101a6895afb6693cac79575ee2212e87cdea75,trunc512,fa55b7237b09c9fa72a3b081cad0d09e06759a26cf734294
574bdfc4b6507a1636bac75a037ca2589c5f54cad10fa519e0e65be7ea43f75683e4768bd3c989bc9acbe39aa1101a6895afb6693cac79575ee2212e87cdea75,blake2b,574bdfc4b6507a1636bac75a037ca2589c5f54cad10fa519e0e65be7ea43f75683e4768bd3c989bc9acbe39aa1101a6895afb6693cac79575ee2212e87cdea75
14c2d244546cb232d8274a984415bb1e98db9da29bb18f8fdd83a3dfb59372562f8edec089d88543642286216182792568033e0b0597c9b2e8798937a86f23ba,crc32c,2f14d120
14c2d244546cb232d8274a984415bb1e98db9da29bb18f8fdd83a3dfb59372562f8edec089d88543642286216182792568033e0b0597c9b2e8798937a86f23ba,md5,b5b5952f7cd67b4b4d70ce13e7ce4462
14c2d244546cb232d8274a984415bb1e98db9da29bb18f8fdd83a3dfb59372562f8edec089d88543642286216182792568033e0b0597c9b2e8798937a86f23ba,sha256,c3420ae438363f86db492699863c7b2ba1ff6120cd6a63acae51319a831fa3f5
14c2d244546cb232d8274a984415bb1e98db9da29bb18f8fdd83a3dfb59372562f8edec089d88543642286216182792568033e0b0597c9b2e8798937a86f23ba,sha512,fbdf29efb48fd1b9dfd453cecb25fdf7b82da2d965204ad37c844e1a7a40b949711497284cc5ce735bbcf49f97ff7758f7a360b8eb64915f1883946be33dc6e5
14c2d244546cb232d8274a984415bb1e98db9da29bb18f8fdd83a3dfb59372562f8edec089d88543642286216182792568033e0b0597c9b2e8798937a86f23ba,trunc512,fbdf29efb48fd1b9dfd453cecb25fdf7b82da2d965204ad3
14c2d244546cb232d8274a984415bb1e98db9da29bb18f8fdd83a3dfb59372562f8edec089d88543642286216182792568033e0b0597c9b2e8798937a86f23ba,blake2b,14c2d244546cb232d8274a984415bb1e98db9da29bb18f8fdd83a3dfb59372562f8edec089d88543642286216182792568033e0b0597c9b2e8798937a86f23ba
1cf7bfdbfe8441fd19144ea5f23513d3a3a47270401703bd1fb0e592ebf98d659004c63413e708c81267c5468a1aa4c387d871862805c090f489826435960c8d,crc32c,3abd1fe9
1cf7bfdbfe8441fd19144ea5f23513d3a3a47270401703bd1fb0e592ebf98d659004c63413e708c81267c5468a1aa4c387d871862805c090f489826435960c8d,md5,cad3d5dc829c6219f66c22dbd6d34ef4
1cf7bfdbfe8441fd19144ea5f23513d3a3a47270401703bd1fb0e592ebf98d659004c63413e708c81267c5468a1aa4c387d871862805c090f489826435960c8d,sha256,727961f51264347408af477f5398809cd8b6f203547674c87f56a69dfb53bacb
1cf7bfdbfe8441fd19144ea5f23513d3a3a47270401703bd1fb0e592ebf98d659004c63413e708c81267c5468a1aa4c387d871862805c090f489826435960c8d,sha512,cc94b49290a602dac06e777ffde8d15cb82b0a52350e17abf2ba86bd541ae010c707da45523714b35661b29896a41ab95d08b3821c8bccceee8f09ed0d477fd5
1cf7bfdbfe8441fd19144ea5f23513d3a3a47270401703bd1fb0e592ebf98d659004c63413e708c81267c5468a1aa4c387d871862805c090f489826435960c8d,trunc512,cc94b49290a602dac06e777ffde8d15cb82b0a52350e17ab
1cf7bfdbfe8441fd19144ea5f23513d3a3a47270401703bd1fb0e592ebf98d659004c63413e708c81267c5468a1aa4c387d871862805c090f489826435960c8d,blake2b,1cf7bfdbfe8441fd19144ea5f23513d3a3a47270401703bd1fb0e592ebf98d659004c63413e708c81267c5468a1aa4c387d871862805c090f489826435960c8d
d051f9567e784d998d6d9d3153460c896ffb7fb61634e3b090ea22ce2807d139284336c689911d48fce367a1c4a6c6fa7f5619c7449fc5829126c09d693a382a,crc32c,dfa287ed
d051f9567e784d998d6d9d3153460c896ffb7fb61634e3b090ea22ce2807d139284336c689911d48fce367a1c4a6c6fa7f5619c7449fc5829126c09d693a382a,md5,986c94104803768c75b117a54898c3d6
d051f9567e784d998d6d9d3153460c896ffb7fb61634e3b090ea22ce2807d139284336c689911d48fce367a1c4a6c6fa7f5619c7449fc5829126c09d693a382a,sha256,d5ec68b9b89e4cf7ed2efefb88fde111d8ff197ba32a4b8e44401c94b4835d86
d051f9567e784d998d6d9d3153460c896ffb7fb61634e3b090ea22ce2807d139284336c689911d48fce367a1c4a6c6fa7f5619c7449fc5829126c09d693a382a,sha512,1824e10bf228146e45a8f84241509f4b645161669e1e1347374cabd601488e8aa39e9d3f4ac21a2fb7be6309635b11a0e46955463ddea7c81262353178be092b
d051f9567e784d998d6d9d3153460c896ffb7fb61634e3b090ea22ce2807d139284336c689911d48fce367a1c4a6c6fa7f5619c7449fc5829126c09d693a382a,trunc512,1824e10bf228146e45a8f84241509f4b645161669e1e1347
d051f9567e784d998d6d9d3153460c896ffb7fb61634e3b090ea22ce2807d139284336c689911d48fce367a1c4a6c6fa7f5619c7449fc5829126c09d693a382a,blake2b,d051f9567e784d998d6d9d3153460c896ffb7fb61634e3b090ea22ce2807d139284336c689911d48fce367a1c4a6c6fa7f5619c7449fc5829126c09d693a382a
44fcc4d2b9b88297acf4af495d961908d2d6d9db8a8216a0b8ed2874532a0f378bcd340c9e8b8b24f54735d2d29a18d5445bd65d9728ca503ad67e779e7ae48d,crc32c,ac034a23
44fcc4d2b9b88297acf4af495d961908d2d6d9db8a8216a0b8ed2874532a0f378bcd340c9e8b8b24f54735d2d29a18d5445bd65d9728ca503ad67e779e7ae48d,md5,9e8f6b578bc6a54d6ff3cb806fe270bc
44fcc4d2b9b88297acf4af495d961908d2d6d9db8a8216a0b8ed2874532a0f378bcd340c9e8b8b24f54735d2d29a18d5445bd65d9728ca503ad67e779e7ae48d,sha256,aedff1e876463285b91c746cb29e1c070452a7c85bb712fc07d952225318ed71
44fcc4d2b9b88297acf4af495d961908d2d6d9db8a8216a0b8ed2874532a0f378bcd340c9e8b8b24f54735d2d29a18d5445bd65d9728ca503ad67e779e7ae48d,sha512,807fa6f8d43563145f452f3c189567fe40c880524bf6840dfd0d6c4bb1b75e57b9fa0b4c7428d983eb076e6ff557ecab7ec2ec7c75b683697d2ccbe0082ce5cd
44fcc4d2b9b88297acf4af495d961908d2d6d9db8a8216a0b8ed2874532a0f378bcd340c9e8b8b24f54735d2d29a18d5445bd65d9728ca503ad67e779e7ae48d,trunc512,807fa6f8d43563145f452f3c189567fe40c880524bf6840d
44fcc4d2b9b88297acf4af495d961908d2d6d9db8a8216a0b8ed2874532a0f378bcd340c9e8b8b24f54735d2d29a18d5445bd65d9728ca503ad67e779e7ae48d,blake2b,44fcc4d2b9b88297acf4af495d961908d2d6d9db8a8216a0b8ed2874532a0f378bcd340c9e8b8b24f54735d2d29a18d5445bd65d9728ca503ad67e779e7ae48d
1fc1ff23f795991dd631b322ba4f0ea921844337d3fb52e86cf0a665141da6b7a89da8f8a6a4ba0f4770f5f818fd2b7ac0e94f0a154e729be46f675e9e58e735,crc32c,ae00192a
1fc1ff23f795991dd631b322ba4f0ea921844337d3fb52e86cf0a665141da6b7a89da8f8a6a4ba0f4770f5f818fd2b7ac0e94f0a154e729be46f675e9e58e735,md5,fa562bc5ad56788d7dced20de011cc77
1fc1ff23f795991dd631b322ba4f0ea921844337d3fb52e86cf0a665141da6b7a89da8f8a6a4ba0f4770f5f818fd2b7ac0e94f0a154e729be46f675e9e58e735,sha256,b0d74068bb7a2091a14e82caa759738ea3bdf52bf5a94241a2097bd974988887
1fc1ff23f795991dd631b322ba4f0ea921844337d3fb52e86cf0a665141da6b7a89da8f8a6a4ba0f4770f5f818fd2b7ac0e94f0a154e729be46f675e9e58e735,sha512,32b3ebe4b8d5790084df222c42d822800719035e7de34e2ac06f3c301b3f9ec1a4d5c9d98997aed5930a78e07861fc06e3d0d76235938a25c11a97302df5d7fc
1fc1ff23f795991dd631b322ba4f0ea921844337d3fb52e86cf0a665141da6b7a89da8f8a6a4ba0f4770f5f818fd2b7ac0e94f0a154e729be46f675e9e58e735,trunc512,32b3ebe4b8d5790084df222c42d822800719035e7de34e2a
1fc1ff23f795991dd631b322ba4f0ea921844337d3fb52e86cf0a665141da6b7a89da8f8a6a4ba0f4770f5f818fd2b7ac0e94f0a154e729be46f675e9e58e735,blake2b,1fc1ff23f795991dd631b322ba4f0ea921844337d3fb52e86cf0a665141da6b7a89da8f8a6a4ba0f4770f5f818fd2b7ac0e94f0a154e729be46f675e9e58e735
75310b1017328bf7eee1bb0e9000a759644ec7ad734c32aff9b02439327bc6c204bdf45924a30133dfee03d0bd5917c85aaa6dfc63c29c671c208d0939859b15,crc32c,766b4cbd
75310b1017328bf7eee1bb0e9000a759644ec7ad734c32aff9b02439327bc6c204bdf45924a30133dfee03d0bd5917c85aaa6dfc63c29c671c208d0939859b15,md5,ee8bedfdbb5aba3f1a698c4648baea48
75310b1017328bf7eee1bb0e9000a759644ec7ad734c32aff9b02439327bc6c204bdf45924a30133dfee03d0bd5917c85aaa6dfc63c29c671c208d0939859b15,sha256,974245f354e6678888da7470fa97a17e56b5d0eb98c708d6986d757403b6ae5b
75310b1017328bf7eee1bb0e9000a759644ec7ad734c32aff9b02439327bc6c204bdf45924a30133dfee03d0bd5917c85aaa6dfc63c29c671c208d0939859b15,sha512,76d84ce561a44a25489e797ff9299de6282aa3d3a453e51f6c6634a453deb715e8367fd17d900f3b13b3503055efdeb61d7aba322ff281ba0986cf5f716acfda
75310b1017328bf7eee1bb0e9000a759644ec7ad734c32aff9b02439327bc6c204bdf45924a30133dfee03d0bd5917c85aaa6dfc63c29c671c208d0939859b15,trunc512,76d84ce561a44a25489e797ff9299de6282aa3d3a453e51f
75310b1017328bf7eee1bb0e9000a759644ec7ad734c32aff9b02439327bc6c204bdf45924a30133dfee03d0bd5917c85aaa6dfc63c29c671c208d0939859b15,blake2b,75310b1017328bf7eee1bb0e9000a759644ec7ad734c32aff9b02439327bc6c204bdf45924a30133dfee03d0bd5917c85aaa6dfc63c29c671c208d0939859b15
7a0f9af6d400387e2c7d998f0adf12701fc8a71867372072abfba49099dc6ad5399bd0d289324139e8a3fb4c5f3c242a2a491278cfe039d4c657fff10a093eeb,crc32c,6dff6cd5
7a0f9af6d400387e2c7d998f0adf12701fc8a71867372072abfba49099dc6ad5399bd0d289324139e8a3fb4c5f3c242a2a491278cfe039d4c657fff10a093eeb,md5,d1c2ca9f29d3e8f494c8a5b1763bc67c
7a0f9af6d400387e2c7d998f0adf12701fc8a71867372072abfba49099dc6ad5399bd0d289324139e8a3fb4c5f3c242a2a491278cfe039d4c657fff10a093eeb,sha256,2a8672791f7cbd09f358820548415bc033a0e4ea4a6674d1a89d64bc55a2a063
7a0f9af6d400387e2c7d998f0adf12701fc8a71867372072abfba49099dc6ad5399bd0d289324139e8a3fb4c5f3c242a2a491278cfe039d4c657fff10a093eeb,sha512,7729a39b51401b4d9e4c8c99462a5f4093129f268cfcbeee8ec4af12f3ef21d333094202f319313de6d98dc6a39166707b40ec7c1f49253d8ebe0c29991631cd
7a0f9af6d400387e2c7d998f0adf12701fc8a71867372072abfba49099dc6ad5399bd0d289324139e8a3fb4c5f3c242a2a491278cfe039d4c657fff10a093eeb,trunc512,7729a39b51401b4d9e4c8c99462a5f4093129f268cfcbeee
7a0f9af6d400387e2c7d998f0adf12701fc8a71867372072abfba49099dc6ad5399bd0d289324139e8a3fb4c5f3c242a2a491278cfe039d4c657fff10a093eeb,blake2b,7a0f9af6d400387e2c7d998f0adf12701fc8a71867372072abfba49099dc6ad5399bd0d289324139e8a3fb4c5f3c242a2a491278cfe039d4c657fff10a093eeb
ad56a87edb69cfea8bdd3c43676e6c7d1f8d316bc4441dcb8b34c026bd347011faa6dcc3576b25805c80cd8504dee06a0337be8770a762de926499d22704de51,crc32c,a2dafc8a
ad56a87edb69cfea8bdd3c43676e6c7d1f8d316bc4441dcb8b34c026bd347011faa6dcc3576b25805c80cd8504dee06a0337be8770a762de926499d22704de51,md5,d40f5988190b13a5bade2675b54066c6
ad56a87edb69cfea8bdd3c43676e6c7d1f8d316bc4441dcb8b34c026bd347011faa6dcc3576b25805c80cd8504dee06a0337be8770a762de926499d22704de51,sha256,6d80be93057b3418c549b7095a252794f5eade126f27d328c6d75f4b2bf2839d
ad56a87edb69cfea8bdd3c43676e6c7d1f8d316bc4441dcb8b34c026bd347011faa6dcc3576b25805c80cd8504dee06a0337be8770a762de926499d22704de51,sha512,2595dfb1016be27f8ecd7f3fe1d70b9527cbc6ff3a3437277bc29453b111958e526d02f57003c72db9a6691587d85166cd4566dd643bf750ab5b87e679f7a3bc
ad56a87edb69cfea8bdd3c43676e6c7d1f8d316bc4441dcb8b34c026bd347011faa6dcc3576b25805c80cd8504dee06a0337be8770a762de926499d22704de51,trunc512,2595dfb1016be27f8ecd7f3fe1d70b9527cbc6ff3a343727
ad56a87edb69cfea8bdd3c43676e6c7d1f8d316bc4441dcb8b34c026bd347011faa6dcc3576b25805c80cd8504dee06a0337be8770a762de926499d22704de51,blake2b,ad56a87edb69cfea8bdd3c43676e6c7d1f8d316bc4441dcb8b34c026bd347011faa6dcc3576b25805c80cd8504dee06a0337be8770a762de926499d22704de51
439bae5707e6b67be7691a21622fc1f4fcca23439a1945d3a97fbca45b01d7e2ea7a8ca418101b6298758be5b3567631bff0e007081ba3f1abbdfd643bc3d7e5,crc32c,f723e0d4
439bae5707e6b67be7691a21622fc1f4fcca23439a1945d3a97fbca45b01d7e2ea7a8ca418101b6298758be5b3567631bff0e007081ba3f1abbdfd643bc3d7e5,md5,6436186f1ab61e45e592eb474bdfab96
439bae5707e6b67be7691a21622fc1f4fcca23439a1945d3a97fbca45b01d7e2ea7a8ca418101b6298758be5b3567631bff0e007081ba3f1abbdfd643bc3d7e5,sha256,3143b26f88635cc1c86a0552838f6d9b9589ff51b5f6d41588ce97ca22f6d99b
439bae5707e6b67be7691a21622fc1f4fcca23439a1945d3a97fbca45b01d7e2ea7a8ca418101b6298758be5b3567631bff0e007081ba3f1abbdfd643bc3d7e5,sha512,2239aa91423ef9e35ec1a8b0aaa31403f6d9a89e181279250e5ad345302faddd15ed5757ec88313404a40929c0b5188b1981d6acf29ea1a20c456dab3377fd15
439bae5707e6b67be7691a21622fc1f4fcca23439a1945d3a97fbca45b01d7e2ea7a8ca418101b6298758be5b3567631bff0e007081ba3f1abbdfd643bc3d7e5,trunc512,2239aa91423ef9e35ec1a8b0aaa31403f6d9a89e18127925
439bae5707e6b67be7691a21622fc1f4fcca23439a1945d3a97fbca45b01d7e2ea7a8ca418101b6298758be5b3567631bff0e007081ba3f1abbdfd643bc3d7e5,blake2b,439bae5707e6b67be7691a21622fc1f4fcca23439a1945d3a97fbca45b01d7e2ea7a8ca418101b6298758be5b3567631bff0e007081ba3f1abbdfd643bc3d7e5
bb071fbe8e79a96c1fbdfa5f457615cbb6302ba715ab9290f5aa54c4720fa1eec646608b4876aed1a3555bce55f09028bb11c478a08c6ab219fcb17a8a3f84dc,crc32c,7d88b49e
bb071fbe8e79a96c1fbdfa5f457615cbb6302ba715ab9290f5aa54c4720fa1eec646608b4876aed1a3555bce55f09028bb11c478a08c6ab219fcb17a8a3f84dc,md5,bbe5c5c2cd4fedb3750cbd19e5a05964
bb071fbe8e79a96c1fbdfa5f457615cbb6302ba715ab9290f5aa54c4720fa1eec646608b4876aed1a3555bce55f09028bb11c478a08c6ab219fcb17a8a3f84dc,sha256,f4a6c76f5bfd5d61ddcf1b129683eefde1e514e5772c098031b876246bb69ade
bb071fbe8e79a96c1fbdfa5f457615cbb6302ba715ab9290f5aa54c4720fa1eec646608b4876aed1a3555bce55f09028bb11c478a08c6ab219fcb17a8a3f84dc,sha512,2682fed6492151b61a2bb31f348bb2fb8fd4564755330559c029acdcd0b15f8da075c5f85476f49aa9bbec3456343038e56bc5d4c66dd2972883e67f189b41b6
bb071fbe8e79a96c1fbdfa5f457615cbb6302ba715ab9290f5aa54c4720fa1eec646608b4876aed1a3555bce55f09028bb11c478a08c6ab219fcb17a8a3f84dc,trunc512,2682fed6492151b61a2bb31f348bb2fb8fd4564755330559
bb071fbe8e79a96c1fbdfa5f457615cbb6302ba715ab9290f5aa54c4720fa1eec646608b4876aed1a3555bce55f09028bb11c478a08c6ab219fcb17a8a3f84dc,blake2b,bb071fbe8e79a96c1fbdfa5f457615cbb6302ba715ab9290f5aa54c4720fa1eec646608b4876aed1a3555bce55f09028bb11c478a08c6ab219fcb17a8a3f84dc
5a05b44d6f6db204166717f1bfb7627230408eaee3214791264fab09dadde9c4f64cb7b34a41324e9eae2435e00891100ed8b71e842f003d1f03fd4934142e90,crc32c,454562f6
5a05b44d6f6db204166717f1bfb7627230408eaee3214791264fab09dadde9c4f64cb7b34a41324e9eae2435e00891100ed8b71e842f003d1f03fd4934142e90,md5,26546d5a825c0fdeb152c8a04d148817
5a05b44d6f6db204166717f1bfb7627230408eaee3214791264fab09dadde9c4f64cb7b34a41324e9eae2435e00891100ed8b71e842f003d1f03fd4934142e90,sha256,f6a06fbdb14fe52930168ab4248f4e766179c10f17b54d1b22b535e71cc1cf6b
5a05b44d6f6db204166717f1bfb7627230408eaee3214791264fab09dadde9c4f64cb7b34a41324e9eae2435e00891100ed8b71e842f003d1f03fd4934142e90,sha512,04e8c03d3533302f50a81e751250268c869d6f07ca6d08ab614b253483ceaf9f69ab571e535fb4da2112e4487c120acdf0809e39c1946675f37695059ffd095f
5a05b44d6f6db204166717f1bfb7627230408eaee3214791264fab09dadde9c4f64cb7b34a41324e9eae2435e00891100ed8b71e842f003d1f03fd4934142e90,trunc512,04e8c03d3533302f50a81e751250268c869d6f07ca6d08ab
5a05b44d6f6db204166717f1bfb7627230408eaee3214791264fab09dadde9c4f64cb7b34a41324e9eae2435e00891100ed8b71e842f003d1f03fd4934142e90,blake2b,5a05b44d6f6db204166717f1bfb7627230408eaee3214791264fab09dadde9c4f64cb7b34a41324e9eae2435e00891100ed8b71e842f003d1f03fd4934142e90
8647fe7f53b1d7860bd3f5e4ffb81bcccb029f150d7bcf8f1825589fed6ef79bf2f1cfc6ab9cb87bdc2903238c8de90d6dd1d76be735500b804f1eb146ad4190,crc32c,ba64f914
8647fe7f53b1d7860bd3f5e4ffb81bcccb029f150d7bcf8f1825589fed6ef79bf2f1cfc6ab9cb87bdc2903238c8de90d6dd1d76be735500b804f1eb146ad4190,md5,3d45b55b824b40a682e87367df4405d8
8647fe7f53b1d7860bd3f5e4ffb81bcccb029f150d7bcf8f1825589fed6ef79bf2f1cfc6ab9cb87bdc2903238c8de90d6dd1d76be735500b804f1eb146ad4190,sha256,89622b695ec86853afb3aeb07a2a96f89bc2c55b3f1f85a6c4d17fddbfaca271
8647fe7f53b1d7860bd3f5e4ffb81bcccb029f150d7bcf8f1825589fed6ef79bf2f1cfc6ab9cb87bdc2903238c8de90d6dd1d76be735500b804f1eb146ad4190,sha512,8b633cf992d3a64a9489e94b03af18858a19ae33fba4efbdbac88804ab8caebf6826cb731721d51b47e51617b460055b2d8b305b161490c9bee505449ddca974
8647fe7f53b1d7860bd3f5e4ffb81bcccb029f150d7bcf8f1825589fed6ef79bf2f1cfc6ab9cb87bdc2903238c8de90d6dd1d76be735500b804f1eb146ad4190,trunc512,8b633cf992d3a64a9489e94b03af18858a19ae33fba4efbd
8647fe7f53b1d7860bd3f5e4ffb81bcccb029f150d7bcf8f1825589fed6ef79bf2f1cfc6ab9cb87bdc2903238c8de90d6dd1d76be735500b804f1eb146ad4190,blake2b,8647fe7f53b1d7860bd3f5e4ffb81bcccb029f150d7bcf8f1825589fed6ef79bf2f1cfc6ab9cb87bdc2903238c8de90d6dd1d76be735500b804f1eb146ad4190
387184c4da57d9718e8fbe4cb81331ba820e580799ff8c4f0785a03987b2d6fd8cb241ff0471d29bf9118b005f38da32ac49f942049c94135ffeef10d0306e5c,crc32c,2200af60
387184c4da57d9718e8fbe4cb81331ba820e580799ff8c4f0785a03987b2d6fd8cb241ff0471d29bf9118b005f38da32ac49f942049c94135ffeef10d0306e5c,md5,9152d7f1724ed8fbcd2e0c87029f193c
387184c4da57d9718e8fbe4cb81331ba820e580799ff8c4f0785a03987b2d6fd8cb241ff0471d29bf9118b005f38da32ac49f942049c94135ffeef10d0306e5c,sha256,efdb5938a9736727f5cce2b60355588e4fa541d19d022d222d8a09b8efd5dcce
387184c4da57d9718e8fbe4cb81331ba820e580799ff8c4f0785a03987b2d6fd8cb241ff0471d29bf9118b005f38da32ac49f942049c94135ffeef10d0306e5c,sha512,1203b2d87d939e872d4b0934780111429b72fbd9e33717a955f839b8ded5e1d5302bbf8cf37322c87b550ea2445b4bba2c744bdeb55c9f9e13e8e3af127d8e86
387184c4da57d9718e8fbe4cb81331ba820e580799ff8c4f0785a03987b2d6fd8cb241ff0471d29bf9118b005f38da32ac49f942049c94135ffeef10d0306e5c,trunc512,1203b2d87d939e872d4b0934780111429b72fbd9e33717a9
387184c4da57d9718e8fbe4cb81331ba820e580799ff8c4f0785a03987b2d6fd8cb241ff0471d29bf9118b005f38da32ac49f942049c94135ffeef10d0306e5c,blake2b,387184c4da57d9718e8fbe4cb81331ba820e580799ff8c4f0785a03987b2d6fd8cb241ff0471d29bf9118b005f38da32ac49f942049c94135ffeef10d0306e5c
893e0e1806213f874685bfea28171b5cba561f054f27d2efb504666d6acb845731b45702629e3d7a9363074927dfb6d5f3e6aef51f048bbcc824f5c7994d9ad4,crc32c,84838e56
893e0e1806213f874685bfea28171b5cba561f054f27d2efb504666d6acb845731b45702629e3d7a9363074927dfb6d5f3e6aef51f048bbcc824f5c7994d9ad4,md5,fa4bb4492060397b047d904c26dbc35d
893e0e1806213f874685bfea28171b5cba561f054f27d2efb504666d6acb845731b45702629e3d7a9363074927dfb6d5f3e6aef51f048bbcc824f5c7994d9ad4,sha256,28a4ce8b28429f4571799e1aa86bf1f733efedc666736fe49247cfd56e72d7af
893e0e1806213f874685bfea28171b5cba561f054f27d2efb504666d6acb845731b45702629e3d7a9363074927dfb6d5f3e6aef51f048bbcc824f5c7994d9ad4,sha512,adf4523d26b26bfcf4763afe6196e9a7f38859c31634eb033eff1e8e7b9c0a9ca9bf75f64cc900b5d35ddfbb9e0bc6df8015d565c10270562f4599b3f75a662f
893e0e1806213f874685bfea28171b5cba561f054f27d2efb504666d6acb845731b45702629e3d7a9363074927dfb6d5f3e6aef51f048bbcc824f5c7994d9ad4,trunc512,adf4523d26b26bfcf4763afe6196e9a7f38859c31634eb03
893e0e1806213f874685bfea28171b5cba561f054f27d2efb504666d6acb845731b45702629e3d7a9363074927dfb6d5f3e6aef51f048bbcc824f5c7994d9ad4,blake2b,893e0e1806213f874685bfea28171b5cba561f054f27d2efb504666d6acb845731b45702629e3d7a9363074927dfb6d5f3e6aef51f048bbcc824f5c7994d9ad4
215c42f59a30a11320ccfaad061b6a022b5030e585ea596bc81e9099f253a746e070f23bf0ba398e95fdaf719fc6c12c3329c7974d36afcf4543313e1ea7e321,crc32c,01f61b8c
215c42f59a30a11320ccfaad061b6a022b5030e585ea596bc81e9099f253a746e070f23bf0ba398e95fdaf719fc6c12c3329c7974d36afcf4543313e1ea7e321,md5,34c4df05306f86f9cb52f02228bf4ffe
215c42f59a30a11320ccfaad061b6a022b5030e585ea596bc81e9099f253a746e070f23bf0ba398e95fdaf719fc6c12c3329c7974d36afcf4543313e1ea7e321,sha256,f1e7bda57ac09bdfc72f01549be48d70768db461672993ef9fa6f2bf44203dfc
215c42f59a30a11320ccfaad061b6a022b5030e585ea596bc81e9099f253a746e070f23bf0ba398e95fdaf719fc6c12c3329c7974d36afcf4543313e1ea7e321,sha512,29819f69e3bb079cadac547da82fbd869a84c73f9a5d6fb4e6790989d78e7f6c8259b40e69964da0d4cd6411e6e2c2c3fa30e1268daf57f977023bd3a11526ec
215c42f59a30a11320ccfaad061b6a022b5030e585ea596bc81e9099f253a746e070f23bf0ba398e95fdaf719fc6c12c3329c7974d36afcf4543313e1ea7e321,trunc512,ee9f85c083f7b86b9b3ac15855057738a6f374cb1d1dd7ab
215c42f59a30a11320ccfaad061b6a022b5030e585ea596bc81e9099f253a746e070f23bf0ba398e95fdaf719fc6c12c3329c7974d36afcf4543313e1ea7e321,blake2b,215c42f59a30a11320ccfaad061b6a022b5030e585ea596bc81e9099f253a746e070f23bf0ba398e95fdaf719fc6c12c3329c7974d36afcf4543313e1ea7e321
3e6567eb78586eba0bd48d16c1a3fc55e122fab21a3e39cfb1b87953d5af2a6cf8a6454f7eaee94d8ee47c81509c1f29814dbde67965baf0b37ebfe4e8f2e256,crc32c,c0b999d8
3e6567eb78586eba0bd48d16c1a3fc55e122fab21a3e39cfb1b87953d5af2a6cf8a6454f7eaee94d8ee47c81509c1f29814dbde67965baf0b37ebfe4e8f2e256,md5,5a12b6406d6317b1e01013d5d260316b
3e6567eb78586eba0bd48d16c1a3fc55e122fab21a3e39cfb1b87953d5af2a6cf8a6454f7eaee94d8ee47c81509c1f29814dbde67965baf0b37ebfe4e8f2e256,sha256,2f8e6a70787c960f080ab0355901d28ab593cf1efd8bd7ddffb1841946ce17f6
3e6567eb78586eba0bd48d16c1a3fc55e122fab21a3e39cfb1b87953d5af2a6cf8a6454f7eaee94d8ee47c81509c1f29814dbde67965baf0b37ebfe4e8f2e256,sha512,a3d076a530aafea2f1d6014d7925ca8c79e554d0c0400852226a78a1bd33515e0646b8f5d3fbbdb1d34fd140e359398f8ecfb34a707ca0513c4668c66cd59ba7
3e6567eb78586eba0bd48d16c1a3fc55e122fab21a3e39cfb1b87953d5af2a6cf8a6454f7eaee94d8ee47c81509c1f29814dbde67965baf0b37ebfe4e8f2e256,trunc512,a3d076a530aafea2f1d6014d7925ca8c79e554d0c0400852
3e6567eb78586eba0bd48d16c1a3fc55e122fab21a3e39cfb1b87953d5af2a6cf8a6454f7eaee94d8ee47c81509c1f29814dbde67965baf0b37ebfe4e8f2e256,blake2b,3e6567eb78586eba0bd48d16c1a3fc55e122fab21a3e39cfb1b87953d5af2a6cf8a6454f7eaee94d8ee47c81509c1f29814dbde67965baf0b37ebfe4e8f2e256
50f2833adec7310500bd1194c30edc33d917184767f48493ff7af6b4d778992f8b02288f030753b70de2a0ebc98d23b39ad69f7a9c99832ee2ef01429b3d1501,crc32c,0c1420dd
50f2833adec7310500bd1194c30edc33d917184767f48493ff7af6b4d778992f8b02288f030753b70de2a0ebc98d23b39ad69f7a9c99832ee2ef01429b3d1501,md5,3f5b8106b0035d719e276da36928684a
50f2833adec7310500bd1194c30edc33d917184767f48493ff7af6b4d778992f8b02288f030753b70de2a0ebc98d23b39ad69f7a9c99832ee2ef01429b3d1501,sha256,71073b41e10a4a0875fe70c3e9eed0113051ca73084500cebaba266303a9df2b
50f2833adec7310500bd1194c30edc33d917184767f48493ff7af6b4d778992f8b02288f030753b70de2a0ebc98d23b39ad69f7a9c99832ee2ef01429b3d1501,sha512,783b136ffd5be488f4ae734897065369ba65ec426d7646286ec906f6dcc2e445796b321dce3e4c0115ca487b380a2f96f8e44d96497b52d7e5d8e987b6b5b889
50f2833adec7310500bd1194c30edc33d917184767f48493ff7af6b4d778992f8b02288f030753b70de2a0ebc98d23b39ad69f7a9c99832ee2ef01429b3d1501,trunc512,783b136ffd5be488f4ae734897065369ba65ec426d764628
50f2833adec7310500bd1194c30edc33d917184767f48493ff7af6b4d778992f8b02288f030753b70de2a0ebc98d23b39ad69f7a9c99832ee2ef01429b3d1501,blake2b,50f2833adec7310500bd1194c30edc33d917184767f48493ff7af6b4d778992f8b02288f030753b70de2a0ebc98d23b39ad69f7a9c99832ee2ef01429b3d1501
b5c8b916f6df1b5e35b8102b01f5968272a622fd3e81a39ea9168d5863a88400ed50b7f4bc6448cbc1814b6732fc66459cd9cdac10923c360a0e2e5212050a79,crc32c,e90bb8d9
b5c8b916f6df1b5e35b8102b01f5968272a622fd3e81a39ea9168d5863a88400ed50b7f4bc6448cbc1814b6732fc66459cd9cdac10923c360a0e2e5212050a79,md5,d3931956a5ec46d9594c55537f4c0521
b5c8b916f6df1b5e35b8102b01f5968272a622fd3e81a39ea9168d5863a88400ed50b7f4bc6448cbc1814b6732fc66459cd9cdac10923c360a0e2e5212050a79,sha256,9b473a77cc36a2bc53d357aca9863186bf1ea786ac4658d092fc4822e0b54518
b5c8b916f6df1b5e35b8102b01f5968272a622fd3e81a39ea9168d5863a88400ed50b7f4bc6448cbc1814b6732fc66459cd9cdac10923c360a0e2e5212050a79,sha512,690c20f005dc66842fe3a2d7b1e8c3fefff3ac9131689cfd107a4dea3f596290cd863937d03ab5b7af9984cff3a1cdb71d300d25e00da1eafb23001d6d03d359
b5c8b916f6df1b5e35b8102b01f5968272a622fd3e81a39ea9168d5863a88400ed50b7f4bc6448cbc1814b6732fc66459cd9cdac10923c360a0e2e5212050a79,trunc512,690c20f005dc66842fe3a2d7b1e8c3fefff3ac9131689cfd
b5c8b916f6df1b5e35b8102b01f5968272a622fd3e81a39ea9168d5863a88400ed50b7f4bc6448cbc1814b6732fc66459cd9cdac10923c360a0e2e5212050a79,blake2b,b5c8b916f6df1b5e35b8102b01f5968272a622fd3e81a39ea9168d5863a88400ed50b7f4bc6448cbc1814b6732fc66459cd9cdac10923c360a0e2e5212050a79
7ad8f25cd54a749185fd3af89a550d66a43b7e33e78412669206a57fba8a61aa1337f58872d27217e0eb8d5d99506c421deb6c1bdb2037cddf36c57b98f1ed8f,crc32c,a83b1dc4
7ad8f25cd54a749185fd3af89a550d66a43b7e33e78412669206a57fba8a61aa1337f58872d27217e0eb8d5d99506c421deb6c1bdb2037cddf36c57b98f1ed8f,md5,f97740fcc2d582e3cd055bf14e1a362d
7ad8f25cd54a749185fd3af89a550d66a43b7e33e78412669206a57fba8a61aa1337f58872d27217e0eb8d5d99506c421deb6c1bdb2037cddf36c57b98f1ed8f,sha256,5dc903877f188b342868100036b10b3f3f6b81e1024c27ffef9d6e3604fc7ace
7ad8f25cd54a749185fd3af89a550d66a43b7e33e78412669206a57fba8a61aa1337f58872d27217e0eb8d5d99506c421deb6c1bdb2037cddf36c57b98f1ed8f,sha512,b15f1d8fc5afb488d52d0e224deaebcb04976a147728c25d60627e2056010189bc7b6a519332fa7ffa670b8d2dd4f704fbc408f9f11688a5951a94a74ffe06ad
7ad8f25cd54a749185fd3af89a550d66a43b7e33e78412669206a57fba8a61aa1337f58872d27217e0eb8d5d99506c421deb6c1bdb2037cddf36c57b98f1ed8f,trunc512,b15f1d8fc5afb488d52d0e224deaebcb04976a147728c25d
7ad8f25cd54a749185fd3af89a550d66a43b7e33e78412669206a57fba8a61aa1337f58872d27217e0eb8d5d99506c421deb6c1bdb2037cddf36c57b98f1ed8f,blake2b,7ad8f25cd54a749185fd3af89a550d66a43b7e33e78412669206a57fba8a61aa1337f58872d27217e0eb8d5d99506c421deb6c1bdb2037cddf36c57b98f1ed8f
c52aeca729a85a89df459b73417cc9aec49cb1295cff8a8554fc8855ad860f0a5aadff15d8f3ef3388fee112dbff61c080dc8d4c49181ed2538c0aa5975ae69c,crc32c,ae0718ac
c52aeca729a85a89df459b73417cc9aec49cb1295cff8a8554fc8855ad860f0a5aadff15d8f3ef3388fee112dbff61c080dc8d4c49181ed2538c0aa5975ae69c,md5,45012f96a75008c8f9190388c5aad0ea
c52aeca729a85a89df459b73417cc9aec49cb1295cff8a8554fc8855ad860f0a5aadff15d8f3ef3388fee112dbff61c080dc8d4c49181ed2538c0aa5975ae69c,sha256,e59b42fbe6d6f12fee0671b8b7b499169c5c25ffe878620e27dc90a3f494dd8f
c52aeca729a85a89df459b73417cc9aec49cb1295cff8a8554fc8855ad860f0a5aadff15d8f3ef3388fee112dbff61c080dc8d4c49181ed2538c0aa5975ae69c,sha512,c82074b0a429c0fa1979168d518a164f4d7f7b9d5d561b8d62b4d45777aab77a518c8985ea77fbed245e6d5c592e590c705bc2e260df8449bdd3444d9f56b512
c52aeca729a85a89df459b73417cc9aec49cb1295cff8a8554fc8855ad860f0a5aadff15d8f3ef3388fee112dbff61c080dc8d4c49181ed2538c0aa5975ae69c,trunc512,c82074b0a429c0fa1979168d518a164f4d7f7b9d5d561b8d
c52aeca729a85a89df459b73417cc9aec49cb1295cff8a8554fc8855ad860f0a5aadff15d8f3ef3388fee112dbff61c080dc8d4c49181ed2538c0aa5975ae69c,blake2b,c52aeca729a85a89df459b73417cc9aec49cb1295cff8a8554fc8855ad860f0a5aadff15d8f3ef3388fee112dbff61c080dc8d4c49181ed2538c0aa5975ae69c
7e6fe607c24337b9ce98e7075dda4ee77c60c480fbbcb19a979299d903f93fb2dee5538d0e26be24cf5a050da48a3ba8ccb825395a7f21c171443495a2b7ed61,crc32c,72ae06ac
7e6fe607c24337b9ce98e7075dda4ee77c60c480fbbcb19a979299d903f93fb2dee5538d0e26be24cf5a050da48a3ba8ccb825395a7f21c171443495a2b7ed61,md5,d8cc662839a7c037363939ef51480844
7e6fe607c24337b9ce98e7075dda4ee77c60c480fbbcb19a979299d903f93fb2dee5538d0e26be24cf5a050da48a3ba8ccb825395a7f21c171443495a2b7ed61,sha256,a84a5c150bed993d956cf7942fc210a3da2f02c3a883ea30ad1e891efa9c8601
7e6fe607c24337b9ce98e7075dda4ee77c60c480fbbcb19a979299d903f93fb2dee5538d0e26be24cf5a050da48a3ba8ccb825395a7f21c171443495a2b7ed61,sha512,ac5543e0cbea1cc9990a8f76f20a74088adf2ac76994359206fff7c5238b03bea57cc8dfcea9045c4f3919c86d43ab96a7167fefa96d2dceb12278f9db502108
7e6fe607c24337b9ce98e7075dda4ee77c60c480fbbcb19a979299d903f93fb2dee5538d0e26be24cf5a050da48a3ba8ccb825395a7f21c171443495a2b7ed61,trunc512,ac5543e0cbea1cc9990a8f76f20a74088adf2ac769943592
7e6fe607c24337b9ce98e7075dda4ee77c60c480fbbcb19a979299d903f93fb2dee5538d0e26be24cf5a050da48a3ba8ccb825395a7f21c171443495a2b7ed61,blake2b,7e6fe607c24337b9ce98e7075dda4ee77c60c480fbbcb19a979299d903f93fb2dee5538d0e26be24cf5a050da48a3ba8ccb825395a7f21c171443495a2b7ed61
f7a275d1113b7dae94c4e618c5ccfc2c2a715ba51c7f5372d03d95bcd4a64438511fccb5f8162a292659b500591c31f764a9a62914827d1a3af334de929bbb29,crc32c,693a26c4
f7a275d1113b7dae94c4e618c5ccfc2c2a715ba51c7f5372d03d95bcd4a64438511fccb5f8162a292659b500591c31f764a9a62914827d1a3af334de929bbb29,md5,27619c72974117ef759f2c22eac6c208
f7a275d1113b7dae94c4e618c5ccfc2c2a715ba51c7f5372d03d95bcd4a64438511fccb5f8162a292659b500591c31f764a9a62914827d1a3af334de929bbb29,sha256,ac2bd21cad797bbdb96aa3bd45e3096492ff4a40a7ecd0b2bb8293b903c940ca
f7a275d1113b7dae94c4e618c5ccfc2c2a715ba51c7f5372d03d95bcd4a64438511fccb5f8162a292659b500591c31f764a9a62914827d1a3af334de929bbb29,sha512,7c79454ad3d4cc7bc4f1bf6add5849eb9fba3376e4d1a4e3aaa60e59fff65d655e1c51fa3a0d82f4606c7d412270976fc7581c8e9cfb647b36945b3994f5a4c3
f7a275d1113b7dae94c4e618c5ccfc2c2a715ba51c7f5372d03d95bcd4a64438511fccb5f8162a292659b500591c31f764a9a62914827d1a3af334de929bbb29,trunc512,7c79454ad3d4cc7bc4f1bf6add5849eb9fba3376e4d1a4e3
f7a275d1113b7dae94c4e618c5ccfc2c2a715ba51c7f5372d03d95bcd4a64438511fccb5f8162a292659b500591c31f764a9a62914827d1a3af334de929bbb29,blake2b,f7a275d1113b7dae94c4e618c5ccfc2c2a715ba51c7f5372d03d95bcd4a64438511fccb5f8162a292659b500591c31f764a9a62914827d1a3af334de929bbb29
2fef6b87d1f9f28c3822f02610684412e8281a62453db21823d24cab001179921e8496136578a85eb7549503d62a6cc029c434daf0143d72bd6eea6fb6b8953b,crc32c,a61fb69b
2fef6b87d1f9f28c3822f02610684412e8281a62453db21823d24cab001179921e8496136578a85eb7549503d62a6cc029c434daf0143d72bd6eea6fb6b8953b,md5,b71d86a70b27254c54bf4e173d7cd0fd
2fef6b87d1f9f28c3822f02610684412e8281a62453db21823d24cab001179921e8496136578a85eb7549503d62a6cc029c434daf0143d72bd6eea6fb6b8953b,sha256,d10819e1d085517dd1b8c0164082bce2da4c93286374341019e0e2912c465957
2fef6b87d1f9f28c3822f02610684412e8281a62453db21823d24cab001179921e8496136578a85eb7549503d62a6cc029c434daf0143d72bd6eea6fb6b8953b,sha512,197565ee2205f59d581f10335a3852012b1c68b2c17d7716f06123b3836ca5e1d1e4b8f275bcec0e2fae53b9a2bb2990d6e2416c299963b3dac02da38916b068
2fef6b87d1f9f28c3822f02610684412e8281a62453db21823d24cab001179921e8496136578a85eb7549503d62a6cc029c434daf0143d72bd6eea6fb6b8953b,trunc512,197565ee2205f59d581f10335a3852012b1c68b2c17d7716
2fef6b87d1f9f28c3822f02610684412e8281a62453db21823d24cab001179921e8496136578a85eb7549503d62a6cc029c434daf0143d72bd6eea6fb6b8953b,blake2b,2fef6b87d1f9f28c3822f02610684412e8281a62453db21823d24cab001179921e8496136578a85eb7549503d62a6cc029c434daf0143d72bd6eea6fb6b8953b
8bf9e1aefe469c40fa211efbe01c7ea056f79eab0735f2d6cdcc5ed991638a6a0021b746ad0b4138501083f3dfab4491a10e8db38edc9d4bd80ef02584fdf531,crc32c,89b11155
8bf9e1aefe469c40fa211efbe01c7ea056f79eab0735f2d6cdcc5ed991638a6a0021b746ad0b4138501083f3dfab4491a10e8db38edc9d4bd80ef02584fdf531,md5,771ed4da227737f3c7476c45b7eb527f
8bf9e1aefe469c40fa211efbe01c7ea056f79eab0735f2d6cdcc5ed991638a6a0021b746ad0b4138501083f3dfab4491a10e8db38edc9d4bd80ef02584fdf531,sha256,3a65a900a5a4bfe5ffdc6aeb718e130adff2f0c3a26e19936f474084972e881b
8bf9e1aefe469c40fa211efbe01c7ea056f79eab0735f2d6cdcc5ed991638a6a0021b746ad0b4138501083f3dfab4491a10e8db38edc9d4bd80ef02584fdf531,sha512,0c06620577fe1b627334f21426b809be2716e30eba60b14e4036b6da6187e2db4c7a46bbf9b8e3c5dd050d2f30e62bcb8dc1894c8734dd98bdd027b65e12efe8
8bf9e1aefe469c40fa211efbe01c7ea056f79eab0735f2d6cdcc5ed991638a6a0021b746ad0b4138501083f3dfab4491a10e8db38edc9d4bd80ef02584fdf531,trunc512,0c06620577fe1b627334f21426b809be2716e30eba60b14e
8bf9e1aefe469c40fa211efbe01c7ea056f79eab0735f2d6cdcc5ed991638a6a0021b746ad0b4138501083f3dfab4491a10e8db38edc9d4bd80ef02584fdf531,blake2b,8bf9e1aefe469c40fa211efbe01c7ea056f79eab0735f2d6cdcc5ed991638a6a0021b746ad0b4138501083f3dfab4491a10e8db38edc9d4bd80ef02584fdf531
f8437ef0cda907fefca4d77569a9719833501ccbe3b0ff20c7375a0f6f1ac30b088382889e7591a150b2c257d35a7ce4bdc05ec7f99ffc7a42c310277a7dc6a7,crc32c,c8e7d7e5
f8437ef0cda907fefca4d77569a9719833501ccbe3b0ff20c7375a0f6f1ac30b088382889e7591a150b2c257d35a7ce4bdc05ec7f99ffc7a42c310277a7dc6a7,md5,b184f8b48549e4dc071373624d9b9879
f8437ef0cda907fefca4d77569a9719833501ccbe3b0ff20c7375a0f6f1ac30b088382889e7591a150b2c257d35a7ce4bdc05ec7f99ffc7a42c310277a7dc6a7,sha256,94159c32d3b5a0e069cdd9e3010a9ae84b83e244ee5aef3ff244a05e7527f4d1
f8437ef0cda907fefca4d77569a9719833501ccbe3b0ff20c7375a0f6f1ac30b088382889e7591a150b2c257d35a7ce4bdc05ec7f99ffc7a42c310277a7dc6a7,sha512,fe1d4fd8acb959cd86e8d491f548787c3db050d20facb4a4d1ba1263e6bea9fb3bc32561ade3862967a7e36f71005ff2dc3b8c34e3fe4db358ef75c44cd63f47
f8437ef0cda907fefca4d77569a9719833501ccbe3b0ff20c7375a0f6f1ac30b088382889e7591a150b2c257d35a7ce4bdc05ec7f99ffc7a42c310277a7dc6a7,trunc512,fe1d4fd8acb959cd86e8d491f548787c3db050d20facb4a4
f8437ef0cda907fefca4d77569a9719833501ccbe3b0ff20c7375a0f6f1ac30b088382889e7591a150b2c257d35a7ce4bdc05ec7f99ffc7a42c310277a7dc6a7,blake2b,f8437ef0cda907fefca4d77569a9719833501ccbe3b0ff20c7375a0f6f1ac30b088382889e7591a150b2c257d35a7ce4bdc05ec7f99ffc7a42c310277a7dc6a7
c35c9d845f0fd1922151f602a12948b8d6c804b3067220bf6a0ee7b796161e6d23bdb1047dbaf2de6d81e9028ab122ca6c12389bf4917e201cdc867b230fddcb,crc32c,418028e7
c35c9d845f0fd1922151f602a12948b8d6c804b3067220bf6a0ee7b796161e6d23bdb1047dbaf2de6d81e9028ab122ca6c12389bf4917e201cdc867b230fddcb,md5,8a26146f2c85ae15864287059105811e
c35c9d845f0fd1922151f602a12948b8d6c804b3067220bf6a0ee7b796161e6d23bdb1047dbaf2de6d81e9028ab122ca6c12389bf4917e201cdc867b230fddcb,sha256,645511d2a026e12fd9f3fdfe45b179dba370899c8b32612f57fec009d6438a08
c35c9d845f0fd1922151f602a12948b8d6c804b3067220bf6a0ee7b796161e6d23bdb1047dbaf2de6d81e9028ab122ca6c12389bf4917e201cdc867b230fddcb,sha512,d7ad37d455f05caeaa17988fa3227ecd4c9e9fd75af15748dea70a74ee16236714111ca35f1f67ea80e4950ff48ddafc99a5390f4ebcf88f68d8d332ca6cf548
c35c9d845f0fd1922151f602a12948b8d6c804b3067220bf6a0ee7b796161e6d23bdb1047dbaf2de6d81e9028ab122ca6c12389bf4917e201cdc867b230fddcb,trunc512,d7ad37d455f05caeaa17988fa3227ecd4c9e9fd75af15748
c35c9d845f0fd1922151f602a12948b8d6c804b3067220bf6a0ee7b796161e6d23bdb1047dbaf2de6d81e9028ab122ca6c12389bf4917e201cdc867b230fddcb,blake2b,c35c9d845f0fd1922151f602a12948b8d6c804b3067220bf6a0ee7b796161e6d23bdb1047dbaf2de6d81e9028ab122ca6c12389bf4917e201cdc867b230fddcb
94340c5188ee61d272fbac0eacaa66f046885756bd928de1a5417db4a0ccb053bce72c367cbc7ff274fecc0774161346651c58ec015b6c63f1d841b6bd5fe746,crc32c,bea1b305
94340c5188ee61d272fbac0eacaa66f046885756bd928de1a5417db4a0ccb053bce72c367cbc7ff274fecc0774161346651c58ec015b6c63f1d841b6bd5fe746,md5,bdce921d76a63d21bc345d3037c6a40e
94340c5188ee61d272fbac0eacaa66f046885756bd928de1a5417db4a0ccb053bce72c367cbc7ff274fecc0774161346651c58ec015b6c63f1d841b6bd5fe746,sha256,4734f6c34099f1e3e5266c81be86547251b62bf857c1aabfa7f835cc5555d297
94340c5188ee61d272fbac0eacaa66f046885756bd928de1a5417db4a0ccb053bce72c367cbc7ff274fecc0774161346651c58ec015b6c63f1d841b6bd5fe746,sha512,67bc6ee0eba84ed29973294310d53e5c9df0934207685ac943377c630a825a9c1b35ecffc477e548d125d3e97069fbdf1d34278f45fa011c02150c63cb4e5f25
94340c5188ee61d272fbac0eacaa66f046885756bd928de1a5417db4a0ccb053bce72c367cbc7ff274fecc0774161346651c58ec015b6c63f1d841b6bd5fe746,trunc512,67bc6ee0eba84ed29973294310d53e5c9df0934207685ac9
94340c5188ee61d272fbac0eacaa66f046885756bd928de1a5417db4a0ccb053bce72c367cbc7ff274fecc0774161346651c58ec015b6c63f1d841b6bd5fe746,blake2b,94340c5188ee61d272fbac0eacaa66f046885756bd928de1a5417db4a0ccb053bce72c367cbc7ff274fecc0774161346651c58ec015b6c63f1d841b6bd5fe746
387184c4da57d9718e8fbe4cb81331ba820e580799ff8c4f0785a03987b2d6fd8cb241ff0471d29bf9118b005f38da32ac49f942049c94135ffeef10d0306e5c,crc32c,2200af60
387184c4da57d9718e8fbe4cb81331ba820e580799ff8c4f0785a03987b2d6fd8cb241ff0471d29bf9118b005f38da32ac49f942049c94135ffeef10d0306e5c,md5,9152d7f1724ed8fbcd2e0c87029f193c
387184c4da57d9718e8fbe4cb81331ba820e580799ff8c4f0785a03987b2d6fd8cb241ff0471d29bf9118b005f38da32ac49f942049c94135ffeef10d0306e5c,sha256,efdb5938a9736727f5cce2b60355588e4fa541d19d022d222d8a09b8efd5dcce
387184c4da57d9718e8fbe4cb81331ba820e580799ff8c4f0785a03987b2d6fd8cb241ff0471d29bf9118b005f38da32ac49f942049c94135ffeef10d0306e5c,sha512,1203b2d87d939e872d4b0934780111429b72fbd9e33717a955f839b8ded5e1d5302bbf8cf37322c87b550ea2445b4bba2c744bdeb55c9f9e13e8e3af127d8e86
387184c4da57d9718e8fbe4cb81331ba820e580799ff8c4f0785a03987b2d6fd8cb241ff0471d29bf9118b005f38da32ac49f942049c94135ffeef10d0306e5c,trunc512,1203b2d87d939e872d4b0934780111429b72fbd9e33717a9
387184c4da57d9718e8fbe4cb81331ba820e580799ff8c4f0785a03987b2d6fd8cb241ff0471d29bf9118b005f38da32ac49f942049c94135ffeef10d0306e5c,blake2b,387184c4da57d9718e8fbe4cb81331ba820e580799ff8c4f0785a03987b2d6fd8cb241ff0471d29bf9118b005f38da32ac49f942049c94135ffeef10d0306e5c
cda445fae378beedf5a3110e3522a30b760c2b06c3031dfa121ca905365b0006b125c41584ca3e534600e2fe2e41b632da817f67681fb7551ec4f82e270b7743,crc32c,4d19a407
cda445fae378beedf5a3110e3522a30b760c2b06c3031dfa121ca905365b0006b125c41584ca3e534600e2fe2e41b632da817f67681fb7551ec4f82e270b7743,md5,95498adc4c38e495580a42c29b475875
cda445fae378beedf5a3110e3522a30b760c2b06c3031dfa121ca905365b0006b125c41584ca3e534600e2fe2e41b632da817f67681fb7551ec4f82e270b7743,sha256,77f5cadb7a2b99c72483d91df9e3d017da529b067e6a2759f7d69f58fa1c2efc
cda445fae378beedf5a3110e3522a30b760c2b06c3031dfa121ca905365b0006b125c41584ca3e534600e2fe2e41b632da817f67681fb7551ec4f82e270b7743,sha512,ec3e89233645ea5abb9a6b8874ea13b261b3131a697fbf96aa7dbd450cc9a7d8328ff59b4bc6dbba5dcf051b8e7b05a571ce32db4e4c6e3a9775b73d15ac5679
cda445fae378beedf5a3110e3522a30b760c2b06c3031dfa121ca905365b0006b125c41584ca3e534600e2fe2e41b632da817f67681fb7551ec4f82e270b7743,trunc512,ec3e89233645ea5abb9a6b8874ea13b261b3131a697fbf96
cda445fae378beedf5a3110e3522a30b760c2b06c3031dfa121ca905365b0006b125c41584ca3e534600e2fe2e41b632da817f67681fb7551ec4f82e270b7743,blake2b,cda445fae378beedf5a3110e3522a30b760c2b06c3031dfa121ca905365b0006b125c41584ca3e534600e2fe2e41b632da817f67681fb7551ec4f82e270b7743
efa3b721a3c716016badfd76b4dc031578e84cf72598eed01385407b8997ee59d261beee1247f2d46ba0d86aca1c53f17a7705ae60b4dd5df7dea71f321b83ef,crc32c,10264ada
efa3b721a3c716016badfd76b4dc031578e84cf72598eed01385407b8997ee59d261beee1247f2d46ba0d86aca1c53f17a7705ae60b4dd5df7dea71f321b83ef,md5,0d732ee14925b8e65df1ceef357fdf1d
efa3b721a3c716016badfd76b4dc031578e84cf72598eed01385407b8997ee59d261beee1247f2d46ba0d86aca1c53f17a7705ae60b4dd5df7dea71f321b83ef,sha256,7d8c37315fdbeaae4fd5a25eb01904ee48fb4a04b1338bc52fa41ce600384625
efa3b721a3c716016badfd76b4dc031578e84cf72598eed01385407b8997ee59d261beee1247f2d46ba0d86aca1c53f17a7705ae60b4dd5df7dea71f321b83ef,sha512,318d576972e5a2cf25987913f010eb8c8e9949e1066eea236a192a2b7b45aa1be1a5d1145aaf4d04f0aab009264a621260798063209a02aae420e45e69e344ea
efa3b721a3c716016badfd76b4dc031578e84cf72598eed01385407b8997ee59d261beee1247f2d46ba0d86aca1c53f17a7705ae60b4dd5df7dea71f321b83ef,trunc512,8b8fdf49aba264c058c948dbcef349813951c1186b201905
efa3b721a3c716016badfd76b4dc031578e84cf72598eed01385407b8997ee59d261beee1247f2d46ba0d86aca1c53f17a7705ae60b4dd5df7dea71f321b83ef,blake2b,efa3b721a3c716016badfd76b4dc031578e84cf72598eed01385407b8997ee59d261beee1247f2d46ba0d86aca1c53f17a7705ae60b4dd5df7dea71f321b83ef
