object_id,id,name,drs_uri,type
574bdfc4b6507a1636bac75a037ca2589c5f54cad10fa519e0e65be7ea43f75683e4768bd3c989bc9acbe39aa1101a6895afb6693cac79575ee2212e87cdea75,355de28f27841b0a1ee9beedf9880773e41ea7751ebb875b5645dc78d994b006d0e7a74b68b8cb35643f81f0cca47a81bf66f7947fab01d240f56bcb8cb880f3,hipsci,,f
574bdfc4b6507a1636bac75a037ca2589c5f54cad10fa519e0e65be7ea43f75683e4768bd3c989bc9acbe39aa1101a6895afb6693cac79575ee2212e87cdea75,387184c4da57d9718e8fbe4cb81331ba820e580799ff8c4f0785a03987b2d6fd8cb241ff0471d29bf9118b005f38da32ac49f942049c94135ffeef10d0306e5c,robots.txt,,f
574bdfc4b6507a1636bac75a037ca2589c5f54cad10fa519e0e65be7ea43f75683e4768bd3c989bc9acbe39aa1101a6895afb6693cac79575ee2212e87cdea75,54337de1b6d7645a2650d5a8549471eaa1efef8971e1f36a68d22d1183566de425db61db6f206a59354d65562f96ff5f4015b115b64905ebbf0509cb431e4d9d,ensemblgenomes,,f
574bdfc4b6507a1636bac75a037ca2589c5f54cad10fa519e0e65be7ea43f75683e4768bd3c989bc9acbe39aa1101a6895afb6693cac79575ee2212e87cdea75,546aa387da4755a81372bde67a37e33dbafc8550e6a1991c498fb91c30fb1a3314a08be0c9934e70f43432710283b1c448873cb1a52b2fe09ea6470c17f7b0f5,1000g,,f
574bdfc4b6507a1636bac75a037ca2589c5f54cad10fa519e0e65be7ea43f75683e4768bd3c989bc9acbe39aa1101a6895afb6693cac79575ee2212e87cdea75,56dc112777d4aa108c5461766ebe7a0b349abda67e93e3373400f9f7bf09ccff1c815383096c51f0c86be2cb39b22023bca29374a239b30887aa06ac5a7229b9,biostudies-test,,f
574bdfc4b6507a1636bac75a037ca2589c5f54cad10fa519e0e65be7ea43f75683e4768bd3c989bc9acbe39aa1101a6895afb6693cac79575ee2212e87cdea75,82a8dfe38e6d0c852a948e494abb1a558c31ec0832f85cc05bdc565bac37a63e05d3f36096b5441027115cb142e2427d0eade8f53c7f17d7f48e471b6917e96f,era-pub,,f
574bdfc4b6507a1636bac75a037ca2589c5f54cad10fa519e0e65be7ea43f75683e4768bd3c989bc9acbe39aa1101a6895afb6693cac79575ee2212e87cdea75,8e3076a3c07859bc7efec11aafbaaa92bb30b615cfdf0affa792ef5fdbbffb0420cae4cd85d54cd1745a2d77075ad8130fe274cbac01abd475478ea77e6a15c2,pride,,f
574bdfc4b6507a1636bac75a037ca2589c5f54cad10fa519e0e65be7ea43f75683e4768bd3c989bc9acbe39aa1101a6895afb6693cac79575ee2212e87cdea75,90a49c18a568af3b5cfd785e7a541c3c541ba93d441d061ee33ad92bef48f6b702039cc670ed1670f98c0cbae1b7a316a252a6cf6b2e122bf701c1ad98fdfe4e,biostudies,,f
574bdfc4b6507a1636bac75a037ca2589c5f54cad10fa519e0e65be7ea43f75683e4768bd3c989bc9acbe39aa1101a6895afb6693cac79575ee2212e87cdea75,920a878791dba5823a77901c8b6ab497444d1e2509b93a580a0dc76716fc13067199b39cf95bc566972d0550e71156f7839b833119c38d0bea3ba7fbebbb461e,ensemblorg,,f
574bdfc4b6507a1636bac75a037ca2589c5f54cad10fa519e0e65be7ea43f75683e4768bd3c989bc9acbe39aa1101a6895afb6693cac79575ee2212e87cdea75,937f031e647b52ef94781ad91a7c877b92b2221ac225f944236e68269d631adf24c14af2c28bcb164c60edb985652618da2d5e1dd59f67f5bb06fc70122f2d2a,empiar,,f
574bdfc4b6507a1636bac75a037ca2589c5f54cad10fa519e0e65be7ea43f75683e4768bd3c989bc9acbe39aa1101a6895afb6693cac79575ee2212e87cdea75,a489fe898d10b81fd1f983428a7d5ac7aa7e4ffd42bf2f64a77338e93ebea2690686e42af69c5723e527b6b4e773d237db7f97d73f007677d233d4b74970cf40,vol1,,f
574bdfc4b6507a1636bac75a037ca2589c5f54cad10fa519e0e65be7ea43f75683e4768bd3c989bc9acbe39aa1101a6895afb6693cac79575ee2212e87cdea75,a52ea8bcbadc2b908abde3670acebc012b79ee99f7dddebade4de473bd13659791dad5cace991f01a892fa41a095314bab3cf0d2296845d77017c482fa075a12,pub,,f
574bdfc4b6507a1636bac75a037ca2589c5f54cad10fa519e0e65be7ea43f75683e4768bd3c989bc9acbe39aa1101a6895afb6693cac79575ee2212e87cdea75,db55ac07525adfc5504f4a561ba163a6aa8268434925c02dc671172028531ecdc8a3b6c5cb5439459309b2fa2edb3487ebaab967efe23571491242aa92eb68c0,faang,,f
215c42f59a30a11320ccfaad061b6a022b5030e585ea596bc81e9099f253a746e070f23bf0ba398e95fdaf719fc6c12c3329c7974d36afcf4543313e1ea7e321,14c2d244546cb232d8274a984415bb1e98db9da29bb18f8fdd83a3dfb59372562f8edec089d88543642286216182792568033e0b0597c9b2e8798937a86f23ba,1000g,,f
215c42f59a30a11320ccfaad061b6a022b5030e585ea596bc81e9099f253a746e070f23bf0ba398e95fdaf719fc6c12c3329c7974d36afcf4543313e1ea7e321,1cf7bfdbfe8441fd19144ea5f23513d3a3a47270401703bd1fb0e592ebf98d659004c63413e708c81267c5468a1aa4c387d871862805c090f489826435960c8d,1000g-archive,,f
215c42f59a30a11320ccfaad061b6a022b5030e585ea596bc81e9099f253a746e070f23bf0ba398e95fdaf719fc6c12c3329c7974d36afcf4543313e1ea7e321,1fc1ff23f795991dd631b322ba4f0ea921844337d3fb52e86cf0a665141da6b7a89da8f8a6a4ba0f4770f5f818fd2b7ac0e94f0a154e729be46f675e9e58e735,empiar,,f
215c42f59a30a11320ccfaad061b6a022b5030e585ea596bc81e9099f253a746e070f23bf0ba398e95fdaf719fc6c12c3329c7974d36afcf4543313e1ea7e321,387184c4da57d9718e8fbe4cb81331ba820e580799ff8c4f0785a03987b2d6fd8cb241ff0471d29bf9118b005f38da32ac49f942049c94135ffeef10d0306e5c,robots.txt,,f
215c42f59a30a11320ccfaad061b6a022b5030e585ea596bc81e9099f253a746e070f23bf0ba398e95fdaf719fc6c12c3329c7974d36afcf4543313e1ea7e321,439bae5707e6b67be7691a21622fc1f4fcca23439a1945d3a97fbca45b01d7e2ea7a8ca418101b6298758be5b3567631bff0e007081ba3f1abbdfd643bc3d7e5,faang,,f
215c42f59a30a11320ccfaad061b6a022b5030e585ea596bc81e9099f253a746e070f23bf0ba398e95fdaf719fc6c12c3329c7974d36afcf4543313e1ea7e321,44fcc4d2b9b88297acf4af495d961908d2d6d9db8a8216a0b8ed2874532a0f378bcd340c9e8b8b24f54735d2d29a18d5445bd65d9728ca503ad67e779e7ae48d,biostudies-test,,f
215c42f59a30a11320ccfaad061b6a022b5030e585ea596bc81e9099f253a746e070f23bf0ba398e95fdaf719fc6c12c3329c7974d36afcf4543313e1ea7e321,5a05b44d6f6db204166717f1bfb7627230408eaee3214791264fab09dadde9c4f64cb7b34a41324e9eae2435e00891100ed8b71e842f003d1f03fd4934142e90,pride,,f
215c42f59a30a11320ccfaad061b6a022b5030e585ea596bc81e9099f253a746e070f23bf0ba398e95fdaf719fc6c12c3329c7974d36afcf4543313e1ea7e321,75310b1017328bf7eee1bb0e9000a759644ec7ad734c32aff9b02439327bc6c204bdf45924a30133dfee03d0bd5917c85aaa6dfc63c29c671c208d0939859b15,ensemblgenomes,,f
215c42f59a30a11320ccfaad061b6a022b5030e585ea596bc81e9099f253a746e070f23bf0ba398e95fdaf719fc6c12c3329c7974d36afcf4543313e1ea7e321,7a0f9af6d400387e2c7d998f0adf12701fc8a71867372072abfba49099dc6ad5399bd0d289324139e8a3fb4c5f3c242a2a491278cfe039d4c657fff10a093eeb,ensemblorg,,f
215c42f59a30a11320ccfaad061b6a022b5030e585ea596bc81e9099f253a746e070f23bf0ba398e95fdaf719fc6c12c3329c7974d36afcf4543313e1ea7e321,8647fe7f53b1d7860bd3f5e4ffb81bcccb029f150d7bcf8f1825589fed6ef79bf2f1cfc6ab9cb87bdc2903238c8de90d6dd1d76be735500b804f1eb146ad4190,pub,,f
215c42f59a30a11320ccfaad061b6a022b5030e585ea596bc81e9099f253a746e070f23bf0ba398e95fdaf719fc6c12c3329c7974d36afcf4543313e1ea7e321,893e0e1806213f874685bfea28171b5cba561f054f27d2efb504666d6acb845731b45702629e3d7a9363074927dfb6d5f3e6aef51f048bbcc824f5c7994d9ad4,vol1,,f
215c42f59a30a11320ccfaad061b6a022b5030e585ea596bc81e9099f253a746e070f23bf0ba398e95fdaf719fc6c12c3329c7974d36afcf4543313e1ea7e321,ad56a87edb69cfea8bdd3c43676e6c7d1f8d316bc4441dcb8b34c026bd347011faa6dcc3576b25805c80cd8504dee06a0337be8770a762de926499d22704de51,era-pub,,f
215c42f59a30a11320ccfaad061b6a022b5030e585ea596bc81e9099f253a746e070f23bf0ba398e95fdaf719fc6c12c3329c7974d36afcf4543313e1ea7e321,bb071fbe8e79a96c1fbdfa5f457615cbb6302ba715ab9290f5aa54c4720fa1eec646608b4876aed1a3555bce55f09028bb11c478a08c6ab219fcb17a8a3f84dc,hipsci,,f
215c42f59a30a11320ccfaad061b6a022b5030e585ea596bc81e9099f253a746e070f23bf0ba398e95fdaf719fc6c12c3329c7974d36afcf4543313e1ea7e321,d051f9567e784d998d6d9d3153460c896ffb7fb61634e3b090ea22ce2807d139284336c689911d48fce367a1c4a6c6fa7f5619c7449fc5829126c09d693a382a,biostudies,,f
efa3b721a3c716016badfd76b4dc031578e84cf72598eed01385407b8997ee59d261beee1247f2d46ba0d86aca1c53f17a7705ae60b4dd5df7dea71f321b83ef,2fef6b87d1f9f28c3822f02610684412e8281a62453db21823d24cab001179921e8496136578a85eb7549503d62a6cc029c434daf0143d72bd6eea6fb6b8953b,era-pub,,f
efa3b721a3c716016badfd76b4dc031578e84cf72598eed01385407b8997ee59d261beee1247f2d46ba0d86aca1c53f17a7705ae60b4dd5df7dea71f321b83ef,387184c4da57d9718e8fbe4cb81331ba820e580799ff8c4f0785a03987b2d6fd8cb241ff0471d29bf9118b005f38da32ac49f942049c94135ffeef10d0306e5c,robots.txt,,f
efa3b721a3c716016badfd76b4dc031578e84cf72598eed01385407b8997ee59d261beee1247f2d46ba0d86aca1c53f17a7705ae60b4dd5df7dea71f321b83ef,3e6567eb78586eba0bd48d16c1a3fc55e122fab21a3e39cfb1b87953d5af2a6cf8a6454f7eaee94d8ee47c81509c1f29814dbde67965baf0b37ebfe4e8f2e256,1000g,,f
efa3b721a3c716016badfd76b4dc031578e84cf72598eed01385407b8997ee59d261beee1247f2d46ba0d86aca1c53f17a7705ae60b4dd5df7dea71f321b83ef,50f2833adec7310500bd1194c30edc33d917184767f48493ff7af6b4d778992f8b02288f030753b70de2a0ebc98d23b39ad69f7a9c99832ee2ef01429b3d1501,1000g-archive,,f
efa3b721a3c716016badfd76b4dc031578e84cf72598eed01385407b8997ee59d261beee1247f2d46ba0d86aca1c53f17a7705ae60b4dd5df7dea71f321b83ef,7ad8f25cd54a749185fd3af89a550d66a43b7e33e78412669206a57fba8a61aa1337f58872d27217e0eb8d5d99506c421deb6c1bdb2037cddf36c57b98f1ed8f,biostudies-test,,f
efa3b721a3c716016badfd76b4dc031578e84cf72598eed01385407b8997ee59d261beee1247f2d46ba0d86aca1c53f17a7705ae60b4dd5df7dea71f321b83ef,7e6fe607c24337b9ce98e7075dda4ee77c60c480fbbcb19a979299d903f93fb2dee5538d0e26be24cf5a050da48a3ba8ccb825395a7f21c171443495a2b7ed61,ensemblgenomes,,f
efa3b721a3c716016badfd76b4dc031578e84cf72598eed01385407b8997ee59d261beee1247f2d46ba0d86aca1c53f17a7705ae60b4dd5df7dea71f321b83ef,8bf9e1aefe469c40fa211efbe01c7ea056f79eab0735f2d6cdcc5ed991638a6a0021b746ad0b4138501083f3dfab4491a10e8db38edc9d4bd80ef02584fdf531,faang,,f
efa3b721a3c716016badfd76b4dc031578e84cf72598eed01385407b8997ee59d261beee1247f2d46ba0d86aca1c53f17a7705ae60b4dd5df7dea71f321b83ef,94340c5188ee61d272fbac0eacaa66f046885756bd928de1a5417db4a0ccb053bce72c367cbc7ff274fecc0774161346651c58ec015b6c63f1d841b6bd5fe746,pub,,f
efa3b721a3c716016badfd76b4dc031578e84cf72598eed01385407b8997ee59d261beee1247f2d46ba0d86aca1c53f17a7705ae60b4dd5df7dea71f321b83ef,b5c8b916f6df1b5e35b8102b01f5968272a622fd3e81a39ea9168d5863a88400ed50b7f4bc6448cbc1814b6732fc66459cd9cdac10923c360a0e2e5212050a79,biostudies,,f
efa3b721a3c716016badfd76b4dc031578e84cf72598eed01385407b8997ee59d261beee1247f2d46ba0d86aca1c53f17a7705ae60b4dd5df7dea71f321b83ef,c35c9d845f0fd1922151f602a12948b8d6c804b3067220bf6a0ee7b796161e6d23bdb1047dbaf2de6d81e9028ab122ca6c12389bf4917e201cdc867b230fddcb,pride,,f
efa3b721a3c716016badfd76b4dc031578e84cf72598eed01385407b8997ee59d261beee1247f2d46ba0d86aca1c53f17a7705ae60b4dd5df7dea71f321b83ef,c52aeca729a85a89df459b73417cc9aec49cb1295cff8a8554fc8855ad860f0a5aadff15d8f3ef3388fee112dbff61c080dc8d4c49181ed2538c0aa5975ae69c,empiar,,f
efa3b721a3c716016badfd76b4dc031578e84cf72598eed01385407b8997ee59d261beee1247f2d46ba0d86aca1c53f17a7705ae60b4dd5df7dea71f321b83ef,cda445fae378beedf5a3110e3522a30b760c2b06c3031dfa121ca905365b0006b125c41584ca3e534600e2fe2e41b632da817f67681fb7551ec4f82e270b7743,vol1,,f
efa3b721a3c716016badfd76b4dc031578e84cf72598eed01385407b8997ee59d261beee1247f2d46ba0d86aca1c53f17a7705ae60b4dd5df7dea71f321b83ef,f7a275d1113b7dae94c4e618c5ccfc2c2a715ba51c7f5372d03d95bcd4a64438511fccb5f8162a292659b500591c31f764a9a62914827d1a3af334de929bbb29,ensemblorg,,f
efa3b721a3c716016badfd76b4dc031578e84cf72598eed01385407b8997ee59d261beee1247f2d46ba0d86aca1c53f17a7705ae60b4dd5df7dea71f321b83ef,f8437ef0cda907fefca4d77569a9719833501ccbe3b0ff20c7375a0f6f1ac30b088382889e7591a150b2c257d35a7ce4bdc05ec7f99ffc7a42c310277a7dc6a7,hipsci,,f
